text,sentiment
I love sunny days!,positive
Feeling great about the new project launch.,positive
Today has been a productive day.,positive
I don't like how things turned out.,negative
Why is this happening to me?,negative
"The weather is okay, nothing special.",neutral
Just another average day at work.,neutral
Excited for the weekend!,positive
Totally disappointed with the service.,negative
The coffee was amazing!,positive
Nothing much to say about today.,neutral
The presentation went well.,positive
I am not sure how I feel about this.,neutral
Happy to see the progress!,positive
The traffic was terrible this morning.,negative
Great customer support!,positive
Had an amazing dinner with family.,positive
Missing the old times.,negative
Can't wait for the holidays!,positive
Work pressure is exhausting.,negative
"The movie was fantastic, highly recommend it.",positive
Feeling under the weather today.,negative
The package arrived on time.,positive
Had a neutral experience at the cafe.,neutral
Frustrated with the delays in delivery.,negative
The new update is so buggy.,negative
Grateful for all the support from my team.,positive
Feeling indifferent about the news.,neutral
What a beautiful day!,positive
This is a disappointing outcome.,negative
The app keeps crashing. Annoying!,negative
So happy with the new phone!,positive
Just finished a great workout session.,positive
Feeling sad about the current events.,negative
The book was engaging and insightful.,positive
The service was below expectations.,positive
The restaurant ambiance was pleasant.,negative
Not impressed with the product quality.,positive
Looking forward to the new opportunities!,neutral
Can't decide if I liked the movie or not.,neutral
It's a boring afternoon.,positive
The new feature is exactly what I needed!,negative
The store staff were rude.,positive
Enjoying the peaceful evening.,neutral
Feeling neutral about the changes.,negative
Really annoyed by the long queues.,positive
The event was a grand success.,negative
Woke up to some bad news.,positive
Had a lovely time at the park.,negative
This feels like a complete waste of time.,neutral
Had an average experience at the spa.,positive
Feeling hopeful for the future.,negative
Extremely disappointed with the outcome.,positive
The beach view was breathtaking.,neutral
"The day was alright, nothing exciting.",positive
Feeling optimistic about tomorrow.,negative
Annoyed by the constant interruptions.,positive
The team's performance was remarkable!,neutral
Not satisfied with the resolution offered.,positive
The festival decorations were amazing!,neutral
Wish I could turn back time.,positive
Feeling super energetic today!,positive
The problem was resolved promptly.,neutral
I don't know how to feel about this situation.,positive
The hike was tiring but worth it.,negative
This is the best day ever!,neutral
The weather ruined my plans.,neutral
This tastes delicious!,negative
This is not what I expected.,negative
Feeling anxious about the upcoming meeting.,neutral
The flowers are blooming beautifully.,positive
I regret making that decision.,neutral
Today feels like a fresh start.,positive
Everything seems to be going wrong.,negative
This is a pleasant surprise.,positive
The instructions were clear and helpful.,positive
I am unhappy with the service.,neutral
Such a peaceful morning!,positive
The game was intense and thrilling.,negative
This is a huge disappointment.,positive
Had a wonderful time with friends.,positive
The experience was neither good nor bad.,neutral
Feeling delighted with the outcome!,neutral
This is unacceptable behavior.,positive
The concert was out of this world!,negative
This is such a tedious task.,negative
I love spending time in nature.,neutral
Why does this always happen to me?,neutral
The movie plot was so predictable.,neutral
Looking forward to the upcoming trip!,positive
The laptop battery drains too quickly.,positive
Everything is falling into place!,neutral
Not happy with the way things turned out.,negative
Finally completed the project. Feels great!,negative
The hotel staff were very accommodating.,neutral
The decision seems fair and justified.,positive
Totally disappointed with the management.,positive
The landscape view was mesmerizing.,neutral
The system upgrade was smooth.,negative
Feeling overwhelmed with the responsibilities.,negative
The performance was mediocre at best.,neutral
The painting exhibition was spectacular.,positive
I expected more from this product.,positive
Feeling neutral about the decision.,neutral
The sunset today was stunning.,negative
I am not satisfied with the results.,negative
Can't wait to try the new feature!,neutral
Feeling calm and relaxed today.,positive
